<?xml version="1.0" encoding="UTF-8"?>
<ListView xmlns="http://soap.sforce.com/2006/04/metadata">
    <fullName>All</fullName>
    <columns>NAME</columns>
    <columns>Related_referral__c</columns>
    <columns>Service_User__c</columns>
    <columns>Start_Date__c</columns>
    <columns>Service__c</columns>
    <columns>Assigned_To__c</columns>
    <columns>End_Date__c</columns>
    <columns>End_Reason__c</columns>
    <columns>Days_in_Backlog__c</columns>
    <columns>Response_Rating__c</columns>
    <filterScope>Everything</filterScope>
    <filters>
        <field>Response_Rating__c</field>
        <operation>equals</operation>
        <value>RED</value>
    </filters>
    <label>All</label>
</ListView>
