<?xml version="1.0" encoding="UTF-8"?>
<MatchingRules xmlns="http://soap.sforce.com/2006/04/metadata">
    <matchingRules>
        <fullName>sked_Service_User_Matching_Rule</fullName>
        <booleanFilter>1 AND 2 AND 3 AND 4</booleanFilter>
        <label>Service User Matching Rule</label>
        <matchingRuleItems>
            <blankValueBehavior>NullNotAllowed</blankValueBehavior>
            <fieldName>FirstName</fieldName>
            <matchingMethod>Exact</matchingMethod>
        </matchingRuleItems>
        <matchingRuleItems>
            <blankValueBehavior>NullNotAllowed</blankValueBehavior>
            <fieldName>LastName</fieldName>
            <matchingMethod>Exact</matchingMethod>
        </matchingRuleItems>
        <matchingRuleItems>
            <blankValueBehavior>NullNotAllowed</blankValueBehavior>
            <fieldName>National_Insurance_Number__c</fieldName>
            <matchingMethod>Exact</matchingMethod>
        </matchingRuleItems>
        <matchingRuleItems>
            <blankValueBehavior>NullNotAllowed</blankValueBehavior>
            <fieldName>Birthdate__c</fieldName>
            <matchingMethod>Exact</matchingMethod>
        </matchingRuleItems>
        <ruleStatus>Active</ruleStatus>
    </matchingRules>
</MatchingRules>
