<?xml version="1.0" encoding="UTF-8"?>
<EmailTemplate xmlns="http://soap.sforce.com/2006/04/metadata">
    <available>true</available>
    <encodingKey>ISO-8859-1</encodingKey>
    <name>Lone Worker Alert - Email Template</name>
    <style>none</style>
    <subject>Lone Worker Alert</subject>
    <textOnly>Lone Worker Alert

{!sked__Job_Allocation__c.sked__Resource__c} has not checked in for 5 minutes on {!sked__Job_Allocation__c.sked_Job_Record_URL__c} at {!sked__Job_Allocation__c.sked_Job_Address__c}.

Contact {!sked__Job_Allocation__c.sked__Resource__c} on {!sked__Job_Allocation__c.sked_Resource_Mobile_Number__c} to ensure safety or take appropriate action

Confidential and internal information only</textOnly>
    <type>custom</type>
    <uiType>Aloha</uiType>
</EmailTemplate>
