<?xml version="1.0" encoding="UTF-8"?>
<EmailTemplate xmlns="http://soap.sforce.com/2006/04/metadata">
    <available>true</available>
    <encodingKey>ISO-8859-1</encodingKey>
    <name>Lone Worker Resource Alert - Email Template</name>
    <style>none</style>
    <subject>Lone Worker Alert</subject>
    <textOnly>Lone Worker Alert

Dear {!sked__Job_Allocation__c.sked__Resource__c}, you receive this email because you have not checked in for {!sked__Job_Allocation__c.sked_Elapsed_Time_Since_Last_Check_In__c} minutes on {!sked__Job_Allocation__c.sked_Job_Record_URL__c} at {!sked__Job_Allocation__c.sked_Job_Address__c}.

Confidential and internal information only</textOnly>
    <type>custom</type>
    <uiType>Aloha</uiType>
</EmailTemplate>
