<?xml version="1.0" encoding="UTF-8"?>
<ValidationRule xmlns="http://soap.sforce.com/2006/04/metadata">
    <fullName>NoNewOutcome</fullName>
    <active>false</active>
    <description>Rule to prevent new outcomes form being added to active support plan</description>
    <errorConditionFormula>AND(

ISNEW(),

ISPICKVAL(skedHC__Support_Plan__r.skedHC__Status__c, &quot;Active&quot;)

)</errorConditionFormula>
    <errorMessage>Unable to create new Outcomes for Active Support Plan. To make chages, create a Draft Support Plan first.</errorMessage>
</ValidationRule>
