<?xml version="1.0" encoding="UTF-8"?>
<RecordType xmlns="http://soap.sforce.com/2006/04/metadata">
    <fullName>Stress_and_Distress_Plan</fullName>
    <active>true</active>
    <label>Stress and Distress Plan</label>
    <picklistValues>
        <picklist>Related_Assessment_Section__c</picklist>
        <values>
            <fullName>City Home Helpers</fullName>
            <default>false</default>
        </values>
        <values>
            <fullName>Communication</fullName>
            <default>false</default>
        </values>
        <values>
            <fullName>Community Alarm and Telecare</fullName>
            <default>false</default>
        </values>
        <values>
            <fullName>Community Meals</fullName>
            <default>false</default>
        </values>
        <values>
            <fullName>Domestic Tasks</fullName>
            <default>false</default>
        </values>
        <values>
            <fullName>Eating%2C Drinking and Diet</fullName>
            <default>false</default>
        </values>
        <values>
            <fullName>Falls</fullName>
            <default>false</default>
        </values>
        <values>
            <fullName>Health and Anticipatory  Care</fullName>
            <default>false</default>
        </values>
        <values>
            <fullName>Home Environment %2F Keeping Safe</fullName>
            <default>false</default>
        </values>
        <values>
            <fullName>Informal Carer Information</fullName>
            <default>false</default>
        </values>
        <values>
            <fullName>Legal Decisions and Finance</fullName>
            <default>false</default>
        </values>
        <values>
            <fullName>Medication Management</fullName>
            <default>false</default>
        </values>
        <values>
            <fullName>Mental Health and Wellbeing</fullName>
            <default>false</default>
        </values>
        <values>
            <fullName>Movement and Mobility</fullName>
            <default>false</default>
        </values>
        <values>
            <fullName>Occupational Therapy</fullName>
            <default>false</default>
        </values>
        <values>
            <fullName>Personal Care%2C Continence and Skin</fullName>
            <default>false</default>
        </values>
        <values>
            <fullName>Social and Spiritual</fullName>
            <default>false</default>
        </values>
        <values>
            <fullName>Work</fullName>
            <default>false</default>
        </values>
    </picklistValues>
    <picklistValues>
        <picklist>skedHC__Administration_Method__c</picklist>
        <values>
            <fullName>Inhalation</fullName>
            <default>false</default>
        </values>
        <values>
            <fullName>Injection</fullName>
            <default>false</default>
        </values>
        <values>
            <fullName>Nasal</fullName>
            <default>false</default>
        </values>
        <values>
            <fullName>Ocular</fullName>
            <default>false</default>
        </values>
        <values>
            <fullName>Oral</fullName>
            <default>false</default>
        </values>
        <values>
            <fullName>Otic</fullName>
            <default>false</default>
        </values>
        <values>
            <fullName>Rectal</fullName>
            <default>false</default>
        </values>
        <values>
            <fullName>Transdermal</fullName>
            <default>false</default>
        </values>
    </picklistValues>
    <picklistValues>
        <picklist>skedHC__Status__c</picklist>
        <values>
            <fullName>Active</fullName>
            <default>true</default>
        </values>
        <values>
            <fullName>Closed</fullName>
            <default>false</default>
        </values>
        <values>
            <fullName>Draft</fullName>
            <default>false</default>
        </values>
    </picklistValues>
</RecordType>
