<?xml version="1.0" encoding="UTF-8"?>
<CustomField xmlns="http://soap.sforce.com/2006/04/metadata">
    <fullName>sked_Conflicted_Job__c</fullName>
    <deleteConstraint>SetNull</deleteConstraint>
    <externalId>false</externalId>
    <label>Conflicted Job</label>
    <referenceTo>sked__Job__c</referenceTo>
    <relationshipLabel>Exception Log (Conflicted Job)</relationshipLabel>
    <relationshipName>sked_Exception_Logs</relationshipName>
    <required>false</required>
    <trackTrending>false</trackTrending>
    <type>Lookup</type>
</CustomField>
