<?xml version="1.0" encoding="UTF-8"?>
<CustomField xmlns="http://soap.sforce.com/2006/04/metadata">
    <fullName>sked__skeduloUserType__c</fullName>
    <deprecated>false</deprecated>
    <externalId>false</externalId>
    <label>skeduloUserType</label>
    <required>false</required>
    <trackFeedHistory>false</trackFeedHistory>
    <type>MultiselectPicklist</type>
    <valueSet>
        <valueSetDefinition>
            <sorted>false</sorted>
            <value>
                <fullName>Scheduler</fullName>
                <default>false</default>
                <label>Scheduler</label>
            </value>
            <value>
                <fullName>Resource</fullName>
                <default>false</default>
                <label>Resource</label>
            </value>
            <value>
                <fullName>Administrator</fullName>
                <default>false</default>
                <label>Administrator</label>
            </value>
        </valueSetDefinition>
    </valueSet>
    <visibleLines>4</visibleLines>
</CustomField>
