<?xml version="1.0" encoding="UTF-8"?>
<CustomField xmlns="http://soap.sforce.com/2006/04/metadata">
    <fullName>A_I_Appropriate__c</fullName>
    <externalId>false</externalId>
    <inlineHelpText>Confirm accident &amp; incident forms are completed appropriately.</inlineHelpText>
    <label>Accidents &amp; Incidents Appropriate</label>
    <required>false</required>
    <trackHistory>false</trackHistory>
    <trackTrending>false</trackTrending>
    <type>Picklist</type>
    <valueSet>
        <restricted>true</restricted>
        <valueSetName>Met_Unmet</valueSetName>
    </valueSet>
</CustomField>
