<?xml version="1.0" encoding="UTF-8"?>
<CustomField xmlns="http://soap.sforce.com/2006/04/metadata">
    <fullName>A_Read_Medication_Labels_and__c</fullName>
    <externalId>false</externalId>
    <inlineHelpText>For questions A - J, record the frequency with which the Service User is able to manage their medication needs. A) Read medication labels &amp; directions.</inlineHelpText>
    <label>A) Read Medication Labels &amp; Directions</label>
    <required>false</required>
    <trackHistory>false</trackHistory>
    <trackTrending>false</trackTrending>
    <type>Picklist</type>
    <valueSet>
        <restricted>true</restricted>
        <valueSetName>Assessment_Ability_Rating</valueSetName>
    </valueSet>
</CustomField>
