<?xml version="1.0" encoding="UTF-8"?>
<CustomField xmlns="http://soap.sforce.com/2006/04/metadata">
    <fullName>Access_to_Property__c</fullName>
    <externalId>false</externalId>
    <inlineHelpText>Record details of access to the property, including number of steps. 

Key Safe must be recorded in the Account Details form.</inlineHelpText>
    <label>Access to Property</label>
    <length>2000</length>
    <trackHistory>false</trackHistory>
    <trackTrending>false</trackTrending>
    <type>LongTextArea</type>
    <visibleLines>3</visibleLines>
</CustomField>
