<?xml version="1.0" encoding="UTF-8"?>
<CustomField xmlns="http://soap.sforce.com/2006/04/metadata">
    <fullName>ActionsInEmergencyNoEmPlan__c</fullName>
    <externalId>false</externalId>
    <inlineHelpText>If Not, what would need to be done should an emergency arise?</inlineHelpText>
    <label>Actions to Be Taken  With No Emerg. Plan</label>
    <length>2000</length>
    <trackHistory>false</trackHistory>
    <trackTrending>false</trackTrending>
    <type>LongTextArea</type>
    <visibleLines>3</visibleLines>
</CustomField>
