<?xml version="1.0" encoding="UTF-8"?>
<CustomField xmlns="http://soap.sforce.com/2006/04/metadata">
    <fullName>Add_Eq_Ins_at_Review__c</fullName>
    <externalId>false</externalId>
    <inlineHelpText>If additional replacement equipment was requested at time of review, did you install it?</inlineHelpText>
    <label>Additional Equipment Installed at Review</label>
    <required>false</required>
    <trackHistory>false</trackHistory>
    <trackTrending>false</trackTrending>
    <type>Picklist</type>
    <valueSet>
        <restricted>true</restricted>
        <valueSetDefinition>
            <sorted>false</sorted>
            <value>
                <fullName>N/A</fullName>
                <default>false</default>
                <label>N/A</label>
            </value>
            <value>
                <fullName>No</fullName>
                <default>false</default>
                <label>No</label>
            </value>
            <value>
                <fullName>Yes</fullName>
                <default>false</default>
                <label>Yes</label>
            </value>
        </valueSetDefinition>
    </valueSet>
</CustomField>
