<?xml version="1.0" encoding="UTF-8"?>
<CustomField xmlns="http://soap.sforce.com/2006/04/metadata">
    <fullName>Add_Repl_Eqp_Requested__c</fullName>
    <externalId>false</externalId>
    <inlineHelpText>Was additional / replacement equipment requested at time of review?</inlineHelpText>
    <label>Additional / Repl. Equip. Requested</label>
    <required>false</required>
    <trackHistory>false</trackHistory>
    <trackTrending>false</trackTrending>
    <type>Picklist</type>
    <valueSet>
        <restricted>true</restricted>
        <valueSetName>YesNo</valueSetName>
    </valueSet>
</CustomField>
