<?xml version="1.0" encoding="UTF-8"?>
<CustomField xmlns="http://soap.sforce.com/2006/04/metadata">
    <fullName>Additional_Telecare__c</fullName>
    <externalId>false</externalId>
    <inlineHelpText>Record any new telecare needs identified during this assessment / review.</inlineHelpText>
    <label>Additional Telecare Needs</label>
    <length>2000</length>
    <trackHistory>false</trackHistory>
    <trackTrending>false</trackTrending>
    <type>LongTextArea</type>
    <visibleLines>3</visibleLines>
</CustomField>
