<?xml version="1.0" encoding="UTF-8"?>
<CustomField xmlns="http://soap.sforce.com/2006/04/metadata">
    <fullName>AddRepEquipDetails__c</fullName>
    <externalId>false</externalId>
    <inlineHelpText>Provide details of any additional / replacement equipment. (MODEL, SERIAL NUMBER, BATTERY DATE). Confirm whether it was installed at the time of the visit and whether it was a replacement unit or a new addition.</inlineHelpText>
    <label>Additional / Replacement Equip. Details</label>
    <length>2000</length>
    <trackHistory>false</trackHistory>
    <trackTrending>false</trackTrending>
    <type>LongTextArea</type>
    <visibleLines>3</visibleLines>
</CustomField>
