<?xml version="1.0" encoding="UTF-8"?>
<CustomField xmlns="http://soap.sforce.com/2006/04/metadata">
    <fullName>AddRepEquipReq__c</fullName>
    <defaultValue>false</defaultValue>
    <externalId>false</externalId>
    <inlineHelpText>Confirm whether any additional equipment was requested / installed at the time of the visit.</inlineHelpText>
    <label>Additional / Repl. Equip. Requested</label>
    <trackHistory>false</trackHistory>
    <trackTrending>false</trackTrending>
    <type>Checkbox</type>
</CustomField>
