<?xml version="1.0" encoding="UTF-8"?>
<CustomField xmlns="http://soap.sforce.com/2006/04/metadata">
    <fullName>Adult_Carer_Support_Plan_Offered__c</fullName>
    <externalId>false</externalId>
    <inlineHelpText>Record whether the carer has been offered an adult carer support plan. If refused, record the reasons why.</inlineHelpText>
    <label>Adult Carer Support Plan Offered</label>
    <length>2000</length>
    <trackHistory>false</trackHistory>
    <trackTrending>false</trackTrending>
    <type>LongTextArea</type>
    <visibleLines>3</visibleLines>
</CustomField>
