<?xml version="1.0" encoding="UTF-8"?>
<CustomField xmlns="http://soap.sforce.com/2006/04/metadata">
    <fullName>Are_You_Worried_This_Might_Happen_Again__c</fullName>
    <externalId>false</externalId>
    <label>Are You Worried This Might Happen Again?</label>
    <required>false</required>
    <trackHistory>false</trackHistory>
    <trackTrending>false</trackTrending>
    <type>Picklist</type>
    <valueSet>
        <restricted>true</restricted>
        <valueSetName>YesNo</valueSetName>
    </valueSet>
</CustomField>
