<?xml version="1.0" encoding="UTF-8"?>
<CustomField xmlns="http://soap.sforce.com/2006/04/metadata">
    <fullName>B_Push_Tablets_Out_Operate_Aid__c</fullName>
    <externalId>false</externalId>
    <inlineHelpText>B) Push tablets / capsules out of the strips / compliance aid.</inlineHelpText>
    <label>B) Push Tablets Out / Operate Aid</label>
    <required>false</required>
    <trackHistory>false</trackHistory>
    <trackTrending>false</trackTrending>
    <type>Picklist</type>
    <valueSet>
        <restricted>true</restricted>
        <valueSetName>Assessment_Ability_Rating</valueSetName>
    </valueSet>
</CustomField>
