<?xml version="1.0" encoding="UTF-8"?>
<CustomField xmlns="http://soap.sforce.com/2006/04/metadata">
    <fullName>Bathing_Showering_Washing__c</fullName>
    <externalId>false</externalId>
    <inlineHelpText>Describe how the Service User manages the following aspects of their personal care.</inlineHelpText>
    <label>Bathing / Showering / Washing</label>
    <length>2000</length>
    <trackHistory>false</trackHistory>
    <trackTrending>false</trackTrending>
    <type>LongTextArea</type>
    <visibleLines>3</visibleLines>
</CustomField>
