<?xml version="1.0" encoding="UTF-8"?>
<CustomField xmlns="http://soap.sforce.com/2006/04/metadata">
    <fullName>C_Open_Bottles_Measure__c</fullName>
    <externalId>false</externalId>
    <inlineHelpText>C) Open bottles and measure liquid accurately.</inlineHelpText>
    <label>C) Open Bottles &amp; Measure</label>
    <required>false</required>
    <trackHistory>false</trackHistory>
    <trackTrending>false</trackTrending>
    <type>Picklist</type>
    <valueSet>
        <restricted>true</restricted>
        <valueSetName>Assessment_Ability_Rating</valueSetName>
    </valueSet>
</CustomField>
