<?xml version="1.0" encoding="UTF-8"?>
<CustomField xmlns="http://soap.sforce.com/2006/04/metadata">
    <fullName>Capacity_Medication__c</fullName>
    <externalId>false</externalId>
    <inlineHelpText>Confirm whether the Service User has capacity in relation to their medication. Specify if assessment is required or if Section 47 is available. Section 47 must be uploaded to Salesforce.</inlineHelpText>
    <label>Capacity - Medication</label>
    <length>2000</length>
    <trackHistory>false</trackHistory>
    <trackTrending>false</trackTrending>
    <type>LongTextArea</type>
    <visibleLines>3</visibleLines>
</CustomField>
