<?xml version="1.0" encoding="UTF-8"?>
<CustomField xmlns="http://soap.sforce.com/2006/04/metadata">
    <fullName>Care_Needs__c</fullName>
    <externalId>false</externalId>
    <inlineHelpText>Describe how care needs are being met at present (Existing care packages, support from others). If the Service User has an informal carer, please update informal carer section.</inlineHelpText>
    <label>Support Needs</label>
    <length>2000</length>
    <trackHistory>false</trackHistory>
    <trackTrending>false</trackTrending>
    <type>LongTextArea</type>
    <visibleLines>3</visibleLines>
</CustomField>
