<?xml version="1.0" encoding="UTF-8"?>
<CustomField xmlns="http://soap.sforce.com/2006/04/metadata">
    <fullName>Carer_Willing_to_Continue__c</fullName>
    <externalId>false</externalId>
    <inlineHelpText>Confirm whether the carer feels able to continue with their caring role to the Service User. Describe any difference in opinions or any disagreements.</inlineHelpText>
    <label>Carer Willing to Continue</label>
    <length>2000</length>
    <trackHistory>false</trackHistory>
    <trackTrending>false</trackTrending>
    <type>LongTextArea</type>
    <visibleLines>3</visibleLines>
</CustomField>
