<?xml version="1.0" encoding="UTF-8"?>
<CustomField xmlns="http://soap.sforce.com/2006/04/metadata">
    <fullName>CAT_Outcome_Guidance_Agreed__c</fullName>
    <externalId>false</externalId>
    <inlineHelpText>Confirm CAT Outcome and Support Guidance have been agreed with the Service User. Confirm they are recorded within the Support Plan.</inlineHelpText>
    <label>CAT Outcome / Guidance Agreed</label>
    <required>false</required>
    <trackHistory>false</trackHistory>
    <trackTrending>false</trackTrending>
    <type>Picklist</type>
    <valueSet>
        <restricted>true</restricted>
        <valueSetName>YesNo</valueSetName>
    </valueSet>
</CustomField>
