<?xml version="1.0" encoding="UTF-8"?>
<CustomField xmlns="http://soap.sforce.com/2006/04/metadata">
    <fullName>Changes_to_Environment__c</fullName>
    <externalId>false</externalId>
    <label>Changes to Environment</label>
    <required>false</required>
    <trackHistory>false</trackHistory>
    <trackTrending>false</trackTrending>
    <type>Picklist</type>
    <valueSet>
        <restricted>true</restricted>
        <valueSetDefinition>
            <sorted>false</sorted>
            <value>
                <fullName>No</fullName>
                <default>false</default>
                <label>No</label>
            </value>
            <value>
                <fullName>Yes</fullName>
                <default>false</default>
                <label>Yes</label>
            </value>
        </valueSetDefinition>
    </valueSet>
</CustomField>
