<?xml version="1.0" encoding="UTF-8"?>
<CustomField xmlns="http://soap.sforce.com/2006/04/metadata">
    <fullName>CHH_Terms_Conditions_Issued__c</fullName>
    <externalId>false</externalId>
    <inlineHelpText>Has Customer received terms and conditions? Highlight key points such as staff cover, payment conditions, H&amp;S and other obligations during service. ie regarding smoking, obstructions within property etc.</inlineHelpText>
    <label>CHH Terms &amp; Conditions Issued</label>
    <required>false</required>
    <trackHistory>false</trackHistory>
    <trackTrending>false</trackTrending>
    <type>Picklist</type>
    <valueSet>
        <restricted>true</restricted>
        <valueSetName>YesNo</valueSetName>
    </valueSet>
</CustomField>
