<?xml version="1.0" encoding="UTF-8"?>
<CustomField xmlns="http://soap.sforce.com/2006/04/metadata">
    <fullName>CM1__c</fullName>
    <externalId>false</externalId>
    <inlineHelpText>Sliced Beef with Mash Pota./Savoury Minced Beef/
Cumberland Sausages/ Irish Stew/ Shepherds Pie/
Faggots in Gravy/ Honey Mustard Chicken/ Chicken Curry/
Chicken Breast in Cheese &amp; Bacon Sce/ Fish Fingers/ Fishermans Pie/
Pork in Gravy/ Omelette, Chip</inlineHelpText>
    <label>CM1 14 Mains, 7 Desserts, 7 Soups</label>
    <required>false</required>
    <trackHistory>false</trackHistory>
    <trackTrending>false</trackTrending>
    <type>Picklist</type>
    <valueSet>
        <restricted>true</restricted>
        <valueSetName>Quantities</valueSetName>
    </valueSet>
</CustomField>
