<?xml version="1.0" encoding="UTF-8"?>
<CustomField xmlns="http://soap.sforce.com/2006/04/metadata">
    <fullName>CM_Freezer__c</fullName>
    <externalId>false</externalId>
    <inlineHelpText>Does the Service User have a freezer with room for 2 weeks&#39; worth of meals? If Not, is there space for a table top freezer? Where? Does the customer have the ability to remove meals from the freezer?</inlineHelpText>
    <label>Community Meals - Freezer</label>
    <length>2000</length>
    <trackHistory>false</trackHistory>
    <trackTrending>false</trackTrending>
    <type>LongTextArea</type>
    <visibleLines>3</visibleLines>
</CustomField>
