<?xml version="1.0" encoding="UTF-8"?>
<CustomField xmlns="http://soap.sforce.com/2006/04/metadata">
    <fullName>CM_Regen_Appliance__c</fullName>
    <externalId>false</externalId>
    <inlineHelpText>Does the Service User have a regenerating device (i.e. microwave)? What type is it? If Not, is there room for one? Where? Can the Service user operate a microwave or a steam heater? Does the Service User have the ability to wash the appliance?</inlineHelpText>
    <label>Community Meals - Regenerating Appliance</label>
    <length>2000</length>
    <trackHistory>false</trackHistory>
    <trackTrending>false</trackTrending>
    <type>LongTextArea</type>
    <visibleLines>3</visibleLines>
</CustomField>
