<?xml version="1.0" encoding="UTF-8"?>
<CustomField xmlns="http://soap.sforce.com/2006/04/metadata">
    <fullName>Cognition__c</fullName>
    <externalId>false</externalId>
    <inlineHelpText>Record any issues with memory, attention span, reasoning or following processes.</inlineHelpText>
    <label>Cognition</label>
    <length>2000</length>
    <trackHistory>false</trackHistory>
    <trackTrending>false</trackTrending>
    <type>LongTextArea</type>
    <visibleLines>3</visibleLines>
</CustomField>
