<?xml version="1.0" encoding="UTF-8"?>
<CustomField xmlns="http://soap.sforce.com/2006/04/metadata">
    <fullName>Community_Meals_Surface__c</fullName>
    <externalId>false</externalId>
    <inlineHelpText>Is there a suitable surface to transfer the hot meal to?</inlineHelpText>
    <label>Community Meals - Surface</label>
    <required>false</required>
    <trackHistory>false</trackHistory>
    <trackTrending>false</trackTrending>
    <type>Picklist</type>
    <valueSet>
        <restricted>true</restricted>
        <valueSetName>YesNo</valueSetName>
    </valueSet>
</CustomField>
