<?xml version="1.0" encoding="UTF-8"?>
<CustomField xmlns="http://soap.sforce.com/2006/04/metadata">
    <fullName>Community_Meals_Power_Points__c</fullName>
    <externalId>false</externalId>
    <inlineHelpText>Are there suitable power points for any supplied appliances?</inlineHelpText>
    <label>Community Meals - Power Points</label>
    <required>false</required>
    <trackHistory>false</trackHistory>
    <trackTrending>false</trackTrending>
    <type>Picklist</type>
    <valueSet>
        <restricted>true</restricted>
        <valueSetName>YesNo</valueSetName>
    </valueSet>
</CustomField>
