<?xml version="1.0" encoding="UTF-8"?>
<CustomField xmlns="http://soap.sforce.com/2006/04/metadata">
    <fullName>Community_Meals_Meal__c</fullName>
    <externalId>false</externalId>
    <inlineHelpText>Can the Service User read labels / follow instructions, manage meal packaging, manoeuvre meals in / out of their regen. appliance? Can they move the meal to eating place safely? Can they tolerate standing while their preparing the meal?</inlineHelpText>
    <label>Community Meals - Meal Preparation</label>
    <length>2000</length>
    <trackHistory>false</trackHistory>
    <trackTrending>false</trackTrending>
    <type>LongTextArea</type>
    <visibleLines>3</visibleLines>
</CustomField>
