<?xml version="1.0" encoding="UTF-8"?>
<CustomField xmlns="http://soap.sforce.com/2006/04/metadata">
    <fullName>Communication_Method__c</fullName>
    <externalId>false</externalId>
    <inlineHelpText>Describe the Service User&#39;s preferred way to communicate with others.</inlineHelpText>
    <label>Communication Method</label>
    <length>2000</length>
    <trackHistory>false</trackHistory>
    <trackTrending>false</trackTrending>
    <type>LongTextArea</type>
    <visibleLines>3</visibleLines>
</CustomField>
