<?xml version="1.0" encoding="UTF-8"?>
<CustomField xmlns="http://soap.sforce.com/2006/04/metadata">
    <fullName>Consent_for_Intervention__c</fullName>
    <externalId>false</externalId>
    <inlineHelpText>Confirm Service User or their Representative gave consent for this assessment / review.</inlineHelpText>
    <label>Consent Given for Assessment / Review</label>
    <required>false</required>
    <trackHistory>false</trackHistory>
    <trackTrending>false</trackTrending>
    <type>Picklist</type>
    <valueSet>
        <valueSetDefinition>
            <sorted>false</sorted>
            <value>
                <fullName>Yes - Form Signed</fullName>
                <default>false</default>
                <label>Yes - Form Signed</label>
            </value>
            <value>
                <fullName>Yes - Unable to Sign - Verbal Consent Given</fullName>
                <default>false</default>
                <label>Yes - Unable to Sign - Verbal Consent Given</label>
            </value>
            <value>
                <fullName>No</fullName>
                <default>false</default>
                <label>No</label>
            </value>
        </valueSetDefinition>
    </valueSet>
</CustomField>
