<?xml version="1.0" encoding="UTF-8"?>
<CustomField xmlns="http://soap.sforce.com/2006/04/metadata">
    <fullName>Contact_with_Family__c</fullName>
    <externalId>false</externalId>
    <inlineHelpText>Describe in what circumstances the Service User wishes for his or her family to be contacted.</inlineHelpText>
    <label>Contact with Family</label>
    <length>2000</length>
    <trackHistory>false</trackHistory>
    <trackTrending>false</trackTrending>
    <type>LongTextArea</type>
    <visibleLines>3</visibleLines>
</CustomField>
