<?xml version="1.0" encoding="UTF-8"?>
<CustomField xmlns="http://soap.sforce.com/2006/04/metadata">
    <fullName>Current_Past_Medical_Conditions__c</fullName>
    <externalId>false</externalId>
    <inlineHelpText>Select relevant past and current health conditions. Provide further details in the next question.</inlineHelpText>
    <label>Current and Past Medical Conditions</label>
    <required>false</required>
    <trackHistory>false</trackHistory>
    <trackTrending>false</trackTrending>
    <type>MultiselectPicklist</type>
    <valueSet>
        <restricted>true</restricted>
        <valueSetName>Medical_Conditions</valueSetName>
    </valueSet>
    <visibleLines>4</visibleLines>
</CustomField>
