<?xml version="1.0" encoding="UTF-8"?>
<CustomField xmlns="http://soap.sforce.com/2006/04/metadata">
    <fullName>Current_Telecare_Provision__c</fullName>
    <externalId>false</externalId>
    <inlineHelpText>What Telecare equipment is in place? Reasons for provision should be recorded as an Outcome. Any comments should be recorded as Outcome Observation. (Link to WI to be added HERE).</inlineHelpText>
    <label>Current Telecare Provision</label>
    <length>2000</length>
    <trackHistory>false</trackHistory>
    <trackTrending>false</trackTrending>
    <type>LongTextArea</type>
    <visibleLines>3</visibleLines>
</CustomField>
