<?xml version="1.0" encoding="UTF-8"?>
<CustomField xmlns="http://soap.sforce.com/2006/04/metadata">
    <fullName>Current_Medication__c</fullName>
    <externalId>false</externalId>
    <inlineHelpText>In the first person, describe any medication the Service User currently takes. Include whether the medication is taken regularly and whether anyone reminds them to take it.</inlineHelpText>
    <label>Current Medication</label>
    <length>2000</length>
    <trackHistory>false</trackHistory>
    <trackTrending>false</trackTrending>
    <type>LongTextArea</type>
    <visibleLines>3</visibleLines>
</CustomField>
