<?xml version="1.0" encoding="UTF-8"?>
<CustomField xmlns="http://soap.sforce.com/2006/04/metadata">
    <fullName>Current_Caring_Arrangements_Issues__c</fullName>
    <externalId>false</externalId>
    <inlineHelpText>Record whether there are any issues with the Service User&#39;s current caring arrangements. If Yes, provide details.</inlineHelpText>
    <label>Current Caring Arrangements Issues</label>
    <length>2000</length>
    <trackHistory>false</trackHistory>
    <trackTrending>false</trackTrending>
    <type>LongTextArea</type>
    <visibleLines>3</visibleLines>
</CustomField>
