<?xml version="1.0" encoding="UTF-8"?>
<CustomField xmlns="http://soap.sforce.com/2006/04/metadata">
    <fullName>Current_Pressure_Damage__c</fullName>
    <externalId>false</externalId>
    <label>Pressure Damage Grade</label>
    <required>false</required>
    <trackHistory>false</trackHistory>
    <trackTrending>false</trackTrending>
    <type>Picklist</type>
    <valueSet>
        <restricted>true</restricted>
        <valueSetDefinition>
            <sorted>false</sorted>
            <value>
                <fullName>Very High Risk</fullName>
                <default>false</default>
                <label>Very High Risk</label>
            </value>
            <value>
                <fullName>High Risk</fullName>
                <default>false</default>
                <label>High Risk</label>
            </value>
            <value>
                <fullName>Moderate risk</fullName>
                <default>false</default>
                <label>Moderate risk</label>
            </value>
            <value>
                <fullName>Low Risk</fullName>
                <default>false</default>
                <label>Low Risk</label>
            </value>
            <value>
                <fullName>No Risk</fullName>
                <default>false</default>
                <label>No Risk</label>
            </value>
            <value>
                <fullName>No current pressure damage</fullName>
                <default>false</default>
                <label>No current pressure damage</label>
            </value>
        </valueSetDefinition>
    </valueSet>
</CustomField>
