<?xml version="1.0" encoding="UTF-8"?>
<CustomField xmlns="http://soap.sforce.com/2006/04/metadata">
    <fullName>D_Adminster_Non_Oral_Medicaiton__c</fullName>
    <externalId>false</externalId>
    <inlineHelpText>D) Administer non-oral medication i.e. inhalers / nebulisers, eye / ear drops or creams / ointments.</inlineHelpText>
    <label>D) Administer Non-Oral Medication</label>
    <required>false</required>
    <trackHistory>false</trackHistory>
    <trackTrending>false</trackTrending>
    <type>Picklist</type>
    <valueSet>
        <restricted>true</restricted>
        <valueSetName>Assessment_Ability_Rating</valueSetName>
    </valueSet>
</CustomField>
