<?xml version="1.0" encoding="UTF-8"?>
<CustomField xmlns="http://soap.sforce.com/2006/04/metadata">
    <fullName>Data_Protection_Statement__c</fullName>
    <externalId>false</externalId>
    <inlineHelpText>Confirm Service User or their Representative signed the data protection statement.</inlineHelpText>
    <label>Data Protection Statement Accepted</label>
    <required>false</required>
    <trackHistory>false</trackHistory>
    <trackTrending>false</trackTrending>
    <type>Picklist</type>
    <valueSet>
        <valueSetDefinition>
            <sorted>false</sorted>
            <value>
                <fullName>Accepted - Form Signed</fullName>
                <default>false</default>
                <label>Accepted - Form Signed</label>
            </value>
            <value>
                <fullName>Accepted - Unable to Sign - Verbal Consent Given</fullName>
                <default>false</default>
                <label>Accepted - Unable to Sign - Verbal Consent Given</label>
            </value>
            <value>
                <fullName>Not Accepted</fullName>
                <default>false</default>
                <label>Not Accepted</label>
            </value>
        </valueSetDefinition>
    </valueSet>
</CustomField>
