<?xml version="1.0" encoding="UTF-8"?>
<CustomField xmlns="http://soap.sforce.com/2006/04/metadata">
    <fullName>Days_Meals_Allocated__c</fullName>
    <externalId>false</externalId>
    <inlineHelpText>Select which days of the week meals are allocated for.</inlineHelpText>
    <label>Days Meals Allocated</label>
    <required>false</required>
    <trackHistory>false</trackHistory>
    <trackTrending>false</trackTrending>
    <type>MultiselectPicklist</type>
    <valueSet>
        <restricted>true</restricted>
        <valueSetDefinition>
            <sorted>false</sorted>
            <value>
                <fullName>Mon</fullName>
                <default>false</default>
                <label>Mon</label>
            </value>
            <value>
                <fullName>Tue</fullName>
                <default>false</default>
                <label>Tue</label>
            </value>
            <value>
                <fullName>Wed</fullName>
                <default>false</default>
                <label>Wed</label>
            </value>
            <value>
                <fullName>Thu</fullName>
                <default>false</default>
                <label>Thu</label>
            </value>
            <value>
                <fullName>Fri</fullName>
                <default>false</default>
                <label>Fri</label>
            </value>
            <value>
                <fullName>Sat</fullName>
                <default>false</default>
                <label>Sat</label>
            </value>
            <value>
                <fullName>Sun</fullName>
                <default>false</default>
                <label>Sun</label>
            </value>
        </valueSetDefinition>
    </valueSet>
    <visibleLines>4</visibleLines>
</CustomField>
