<?xml version="1.0" encoding="UTF-8"?>
<CustomField xmlns="http://soap.sforce.com/2006/04/metadata">
    <fullName>Det_Eq_ins_at_review__c</fullName>
    <externalId>false</externalId>
    <inlineHelpText>If No to any of the above questions, please detail.</inlineHelpText>
    <label>Details (Equip. installed at review)</label>
    <length>2000</length>
    <trackHistory>false</trackHistory>
    <trackTrending>false</trackTrending>
    <type>LongTextArea</type>
    <visibleLines>3</visibleLines>
</CustomField>
