<?xml version="1.0" encoding="UTF-8"?>
<CustomField xmlns="http://soap.sforce.com/2006/04/metadata">
    <fullName>DNACPR_in_Place__c</fullName>
    <externalId>false</externalId>
    <inlineHelpText>Confirm whether DNACPR is in place. If Yes, please provide additional details (e.g. where is it kept, what is the date of the document etc.). If appropriate, upload it to Support Guidance - Documents.</inlineHelpText>
    <label>DNACPR in Place</label>
    <required>false</required>
    <trackHistory>false</trackHistory>
    <trackTrending>false</trackTrending>
    <type>Picklist</type>
    <valueSet>
        <restricted>true</restricted>
        <valueSetName>YesNo</valueSetName>
    </valueSet>
</CustomField>
