<?xml version="1.0" encoding="UTF-8"?>
<CustomField xmlns="http://soap.sforce.com/2006/04/metadata">
    <fullName>sked_Outcome__c</fullName>
    <deleteConstraint>SetNull</deleteConstraint>
    <externalId>false</externalId>
    <label>Outcome</label>
    <lookupFilter>
        <active>true</active>
        <filterItems>
            <field>$Source.skedHC__Support_Plan__c</field>
            <operation>equals</operation>
            <valueField>skedHC__Outcome__c.skedHC__Support_Plan__c</valueField>
        </filterItems>
        <isOptional>false</isOptional>
    </lookupFilter>
    <referenceTo>skedHC__Outcome__c</referenceTo>
    <relationshipLabel>Outcome Observations</relationshipLabel>
    <relationshipName>sked_Activities_and_Observations</relationshipName>
    <required>false</required>
    <trackHistory>false</trackHistory>
    <trackTrending>false</trackTrending>
    <type>Lookup</type>
</CustomField>
