<?xml version="1.0" encoding="UTF-8"?>
<CustomField xmlns="http://soap.sforce.com/2006/04/metadata">
    <fullName>AccountDetails__c</fullName>
    <description>This field is used to concatenate data from dob, nin, first line of address and post code fields. These are converted into text and the field is indexed so that all the information within the field is searchable.</description>
    <externalId>true</externalId>
    <inlineHelpText>This field is not editable. If you need to update details, please update individual fields. This information is populated as part of automated action. Speak to the system administrator if you have any questions.</inlineHelpText>
    <label>Account Details</label>
    <length>250</length>
    <required>false</required>
    <trackFeedHistory>false</trackFeedHistory>
    <trackHistory>false</trackHistory>
    <type>Text</type>
    <unique>false</unique>
</CustomField>
