<?xml version="1.0" encoding="UTF-8"?>
<CustomField xmlns="http://soap.sforce.com/2006/04/metadata">
    <fullName>Active_Support_Plans__c</fullName>
    <externalId>false</externalId>
    <label>Active Support Plans</label>
    <summaryFilterItems>
        <field>skedHC__Support_Plan__c.skedHC__Status__c</field>
        <operation>equals</operation>
        <value>Active</value>
    </summaryFilterItems>
    <summaryForeignKey>skedHC__Support_Plan__c.skedHC__Account__c</summaryForeignKey>
    <summaryOperation>count</summaryOperation>
    <trackHistory>false</trackHistory>
    <type>Summary</type>
</CustomField>
