<?xml version="1.0" encoding="UTF-8"?>
<CustomField xmlns="http://soap.sforce.com/2006/04/metadata">
    <fullName>Is_Active__c</fullName>
    <defaultValue>true</defaultValue>
    <externalId>false</externalId>
    <inlineHelpText>Account will be made inactive automatically when all services are closed. Account will be made active when a new service is added.</inlineHelpText>
    <label>Is Active</label>
    <trackFeedHistory>false</trackFeedHistory>
    <trackHistory>false</trackHistory>
    <type>Checkbox</type>
</CustomField>
