<?xml version="1.0" encoding="UTF-8"?>
<CustomField xmlns="http://soap.sforce.com/2006/04/metadata">
    <fullName>Is_Deceased__c</fullName>
    <defaultValue>false</defaultValue>
    <description>Sets to True if service information records are set to deceased.</description>
    <externalId>false</externalId>
    <inlineHelpText>Service Information records indicate this service user is deceased.</inlineHelpText>
    <label>Is Deceased</label>
    <trackFeedHistory>false</trackFeedHistory>
    <trackHistory>false</trackHistory>
    <type>Checkbox</type>
</CustomField>
