<?xml version="1.0" encoding="UTF-8"?>
<CustomField xmlns="http://soap.sforce.com/2006/04/metadata">
    <fullName>National_Insurance_Number__c</fullName>
    <externalId>true</externalId>
    <inlineHelpText>Please ensure the national insurance number is recorded in the AB123456C format.</inlineHelpText>
    <label>National Insurance Number</label>
    <length>10</length>
    <required>false</required>
    <trackFeedHistory>false</trackFeedHistory>
    <trackHistory>false</trackHistory>
    <type>Text</type>
    <unique>false</unique>
</CustomField>
