<?xml version="1.0" encoding="UTF-8"?>
<CustomField xmlns="http://soap.sforce.com/2006/04/metadata">
    <fullName>Open_Service_Count__c</fullName>
    <businessStatus>Active</businessStatus>
    <externalId>false</externalId>
    <inlineHelpText>This field displays the number of services the service user is open to.</inlineHelpText>
    <label>Open Service Count</label>
    <summaryFilterItems>
        <field>Service_Information__c.Is_Active__c</field>
        <operation>equals</operation>
        <value>True</value>
    </summaryFilterItems>
    <summaryForeignKey>Service_Information__c.Service_User__c</summaryForeignKey>
    <summaryOperation>count</summaryOperation>
    <trackHistory>false</trackHistory>
    <type>Summary</type>
</CustomField>
