<?xml version="1.0" encoding="UTF-8"?>
<CustomField xmlns="http://soap.sforce.com/2006/04/metadata">
    <fullName>Risk_to_Staff_Precautionary_Measures__c</fullName>
    <externalId>false</externalId>
    <label>Risk to Staff (Precautionary Measures)</label>
    <required>false</required>
    <trackFeedHistory>false</trackFeedHistory>
    <trackHistory>false</trackHistory>
    <type>Picklist</type>
    <valueSet>
        <restricted>true</restricted>
        <valueSetDefinition>
            <sorted>false</sorted>
            <value>
                <fullName>No Female Staff</fullName>
                <default>false</default>
                <label>No Female Staff</label>
            </value>
            <value>
                <fullName>No Lone Workers</fullName>
                <default>false</default>
                <label>No Lone Workers</label>
            </value>
            <value>
                <fullName>A</fullName>
                <default>false</default>
                <label>A</label>
            </value>
            <value>
                <fullName>B</fullName>
                <default>false</default>
                <label>B</label>
            </value>
            <value>
                <fullName>C</fullName>
                <default>false</default>
                <label>C</label>
            </value>
        </valueSetDefinition>
    </valueSet>
</CustomField>
