<?xml version="1.0" encoding="UTF-8"?>
<CustomField xmlns="http://soap.sforce.com/2006/04/metadata">
    <fullName>Risk_to_Staff_Details_Source__c</fullName>
    <externalId>false</externalId>
    <inlineHelpText>Record the details behind identified risk to staff.

Record the source of any information provided (Care Manager, Hospital Staff etc).</inlineHelpText>
    <label>Risk to Staff (Details &amp; Source)</label>
    <length>2000</length>
    <trackFeedHistory>false</trackFeedHistory>
    <trackHistory>false</trackHistory>
    <type>LongTextArea</type>
    <visibleLines>3</visibleLines>
</CustomField>
