<?xml version="1.0" encoding="UTF-8"?>
<CustomField xmlns="http://soap.sforce.com/2006/04/metadata">
    <fullName>Service__c</fullName>
    <deleteConstraint>SetNull</deleteConstraint>
    <externalId>false</externalId>
    <inlineHelpText>If the user is a resident / tenant within one of our services, select the service here.</inlineHelpText>
    <label>Complex / Building</label>
    <lookupFilter>
        <active>true</active>
        <errorMessage>Select a Service / Team account type;</errorMessage>
        <filterItems>
            <field>Account.RecordType.Name</field>
            <operation>equals</operation>
            <value>Service / Team Account</value>
        </filterItems>
        <infoMessage>Select a Service / Team Account.</infoMessage>
        <isOptional>false</isOptional>
    </lookupFilter>
    <referenceTo>Account</referenceTo>
    <relationshipLabel>Service Users</relationshipLabel>
    <relationshipName>Service_Users</relationshipName>
    <required>false</required>
    <trackFeedHistory>false</trackFeedHistory>
    <trackHistory>true</trackHistory>
    <type>Lookup</type>
</CustomField>
