<?xml version="1.0" encoding="UTF-8"?>
<CustomField xmlns="http://soap.sforce.com/2006/04/metadata">
    <fullName>Service_Information_Count_Deceased__c</fullName>
    <externalId>false</externalId>
    <label>Service Information Count (Deceased)</label>
    <summaryFilterItems>
        <field>Service_Information__c.End_Reason__c</field>
        <operation>equals</operation>
        <value>Deceased</value>
    </summaryFilterItems>
    <summaryFilterItems>
        <field>Service_Information__c.Is_Active__c</field>
        <operation>equals</operation>
        <value>False</value>
    </summaryFilterItems>
    <summaryForeignKey>Service_Information__c.Service_User__c</summaryForeignKey>
    <summaryOperation>count</summaryOperation>
    <trackHistory>false</trackHistory>
    <type>Summary</type>
</CustomField>
