<?xml version="1.0" encoding="UTF-8"?>
<CustomField xmlns="http://soap.sforce.com/2006/04/metadata">
    <fullName>sked_Future_Jobs_not_match_Account_Tasks__c</fullName>
    <defaultValue>false</defaultValue>
    <externalId>false</externalId>
    <inlineHelpText>Changes to Account Tasks are not reflected on future scheduled jobs. Please click on the appropriate action button to resolve this.</inlineHelpText>
    <label>Future Jobs Don&#39;t Match Recurring Tasks</label>
    <trackFeedHistory>false</trackFeedHistory>
    <trackHistory>false</trackHistory>
    <type>Checkbox</type>
</CustomField>
