<?xml version="1.0" encoding="UTF-8"?>
<CustomField xmlns="http://soap.sforce.com/2006/04/metadata">
    <fullName>sked_Availability_Type__c</fullName>
    <defaultValue>&quot;Unavailability Only&quot;</defaultValue>
    <externalId>false</externalId>
    <label>Availability Type</label>
    <required>false</required>
    <trackFeedHistory>false</trackFeedHistory>
    <trackHistory>false</trackHistory>
    <type>Picklist</type>
    <valueSet>
        <restricted>true</restricted>
        <valueSetDefinition>
            <sorted>false</sorted>
            <value>
                <fullName>Availability Only</fullName>
                <default>false</default>
                <label>Availability Only</label>
            </value>
            <value>
                <fullName>Unavailability Only</fullName>
                <default>true</default>
                <label>Unavailability Only</label>
            </value>
        </valueSetDefinition>
    </valueSet>
</CustomField>
