<?xml version="1.0" encoding="UTF-8"?>
<CustomField xmlns="http://soap.sforce.com/2006/04/metadata">
    <fullName>sked__Rank__c</fullName>
    <defaultValue>0</defaultValue>
    <deprecated>false</deprecated>
    <description>The rank of the account wrt business impact if they are not looked after</description>
    <externalId>false</externalId>
    <label>Rank</label>
    <precision>8</precision>
    <required>false</required>
    <scale>0</scale>
    <trackFeedHistory>false</trackFeedHistory>
    <trackHistory>false</trackHistory>
    <type>Number</type>
    <unique>false</unique>
</CustomField>
