<?xml version="1.0" encoding="UTF-8"?>
<CustomField xmlns="http://soap.sforce.com/2006/04/metadata">
    <fullName>sked_Primary_Region__c</fullName>
    <deleteConstraint>SetNull</deleteConstraint>
    <externalId>false</externalId>
    <label>Primary Region</label>
    <referenceTo>sked__Region__c</referenceTo>
    <relationshipLabel>Accounts</relationshipLabel>
    <relationshipName>sked_Accounts</relationshipName>
    <required>false</required>
    <trackFeedHistory>false</trackFeedHistory>
    <trackHistory>true</trackHistory>
    <type>Lookup</type>
</CustomField>
