<?xml version="1.0" encoding="UTF-8"?>
<ValidationRule xmlns="http://soap.sforce.com/2006/04/metadata">
    <fullName>National_Insurance_Number</fullName>
    <active>true</active>
    <description>Checks that national insurance number is entered correctly.</description>
    <errorConditionFormula>AND(OR(ISCHANGED(National_Insurance_Number__c), ISNEW() ),NOT( 
OR( 
LEN( National_Insurance_Number__c )=0, 
(REGEX(  National_Insurance_Number__c  ,&#39;[a-zA-Z]{2}[0-9]{6}[a-zA-Z]{1}&#39;)) 
))
)</errorConditionFormula>
    <errorMessage>Please ensure the national insurance number is recorded in the correct format. (Two letters, six numbers and one letter).

If unknown, please enter AB123456C.</errorMessage>
</ValidationRule>
