<?xml version="1.0" encoding="UTF-8"?>
<ValidationRule xmlns="http://soap.sforce.com/2006/04/metadata">
    <fullName>UK_Postcode_Layout</fullName>
    <active>true</active>
    <description>This rule is used to ensure post codes are recorded accurately.</description>
    <errorConditionFormula>AND(OR(ISCHANGED(BillingPostalCode), ISNEW()), NOT(
OR(
ISBLANK(  BillingPostalCode ),
REGEX( BillingPostalCode  , &quot;[a-zA-Z]\\d\\s{0,1}\\d[a-zA-Z]{2}&quot;),
REGEX( BillingPostalCode  , &quot;[a-zA-Z]\\d\\d\\s{0,1}\\d[a-zA-Z]{2}&quot;),
REGEX( BillingPostalCode , &quot;[a-zA-Z]{2}\\d\\s{0,1}\\d[a-zA-Z]{2}&quot;),
REGEX( BillingPostalCode , &quot;[a-zA-Z]{2}\\d\\d\\s{0,1}\\d[a-zA-Z]{2}&quot;),
REGEX( BillingPostalCode  , &quot;[a-zA-Z]{2}\\d[a-zA-Z]\\s{0,1}\\d[a-zA-Z]{2}&quot;),
REGEX( BillingPostalCode , &quot;[a-zA-Z]\\d[a-zA-Z]\\s{0,1}\\d[a-zA-Z]{2}&quot;)
)
)
)</errorConditionFormula>
    <errorMessage>Please ensure post code is entered in the correct format. (For example, AB24 5HP)</errorMessage>
</ValidationRule>
