<?xml version="1.0" encoding="UTF-8"?>
<CustomMetadata xmlns="http://soap.sforce.com/2006/04/metadata" xmlns:xsi="http://www.w3.org/2001/XMLSchema-instance" xmlns:xsd="http://www.w3.org/2001/XMLSchema">
    <label>Most Recent Appointments</label>
    <protected>false</protected>
    <values>
        <field>sked_API_Name__c</field>
        <value xsi:type="xsd:string">schedulingSnapshot</value>
    </values>
    <values>
        <field>sked_Active__c</field>
        <value xsi:type="xsd:boolean">true</value>
    </values>
    <values>
        <field>sked_Display_Order__c</field>
        <value xsi:type="xsd:double">2.0</value>
    </values>
    <values>
        <field>sked_Patient_Profile_Tab_Setting__c</field>
        <value xsi:type="xsd:string">sked_Overview</value>
    </values>
    <values>
        <field>sked_Template_URL__c</field>
        <value xsi:type="xsd:string">src/app/patient-scheduling-timeline/pst-recent-appointments-tab.tpl.html</value>
    </values>
</CustomMetadata>
