<?xml version="1.0" encoding="UTF-8"?>
<CustomMetadata xmlns="http://soap.sforce.com/2006/04/metadata" xmlns:xsi="http://www.w3.org/2001/XMLSchema-instance" xmlns:xsd="http://www.w3.org/2001/XMLSchema">
    <label>Lone Worker Notification</label>
    <protected>false</protected>
    <values>
        <field>sked_Active__c</field>
        <value xsi:type="xsd:boolean">true</value>
    </values>
    <values>
        <field>sked_Content_Renderer__c</field>
        <value xsi:nil="true"/>
    </values>
    <values>
        <field>sked_Custom_Filter__c</field>
        <value xsi:nil="true"/>
    </values>
    <values>
        <field>sked_Destination_Field__c</field>
        <value xsi:type="xsd:string">sked__Resource__c</value>
    </values>
    <values>
        <field>sked_Email_From_Address_Field__c</field>
        <value xsi:nil="true"/>
    </values>
    <values>
        <field>sked_Email_Target_Field__c</field>
        <value xsi:nil="true"/>
    </values>
    <values>
        <field>sked_Notification_Type__c</field>
        <value xsi:type="xsd:string">oneoff</value>
    </values>
    <values>
        <field>sked_Oneoff_Protocol_Field__c</field>
        <value xsi:type="xsd:string">sked__Resource__r.sked__Notification_Type__c</value>
    </values>
    <values>
        <field>sked_Subject__c</field>
        <value xsi:nil="true"/>
    </values>
    <values>
        <field>sked_Target_Field_Value__c</field>
        <value xsi:nil="true"/>
    </values>
    <values>
        <field>sked_Target_Field__c</field>
        <value xsi:nil="true"/>
    </values>
    <values>
        <field>sked_Target_SObject__c</field>
        <value xsi:type="xsd:string">sked__Job_Allocation__c</value>
    </values>
    <values>
        <field>sked_Template__c</field>
        <value xsi:type="xsd:string">REMINDER: you have not checked in for {{sked_elapsed_time_since_last_check_in__c}} minutes on {{sked__job__r.name}} at {{sked__job__r.sked__address__c}}.</value>
    </values>
    <values>
        <field>sked_Trigger__c</field>
        <value xsi:type="xsd:string">Custom Code</value>
    </values>
</CustomMetadata>
