<?xml version="1.0" encoding="UTF-8"?>
<CustomMetadata xmlns="http://soap.sforce.com/2006/04/metadata" xmlns:xsi="http://www.w3.org/2001/XMLSchema-instance" xmlns:xsd="http://www.w3.org/2001/XMLSchema">
    <label>Person Account Setting</label>
    <protected>false</protected>
    <values>
        <field>sked_Active__c</field>
        <value xsi:type="xsd:boolean">true</value>
    </values>
    <values>
        <field>sked_Address_Field__c</field>
        <value xsi:type="xsd:string">{&quot;street&quot;:&quot;BillingStreet&quot;,&quot;city&quot;:&quot;BillingCity&quot;,&quot;state&quot;:&quot;BillingState&quot;,&quot;zip&quot;:&quot;BillingPostalCode&quot;,&quot;country&quot;:&quot;BillingCountry&quot;}</value>
    </values>
    <values>
        <field>sked_Geolocation_Field__c</field>
        <value xsi:type="xsd:string">Billing</value>
    </values>
    <values>
        <field>sked_SObject__c</field>
        <value xsi:type="xsd:string">Account</value>
    </values>
</CustomMetadata>
