<?xml version="1.0" encoding="UTF-8"?>
<CustomMetadata xmlns="http://soap.sforce.com/2006/04/metadata" xmlns:xsi="http://www.w3.org/2001/XMLSchema-instance" xmlns:xsd="http://www.w3.org/2001/XMLSchema">
    <label>Skedulo API Token Jti</label>
    <protected>false</protected>
    <values>
        <field>sked__Description__c</field>
        <value xsi:nil="true"/>
    </values>
    <values>
        <field>sked__Value__c</field>
        <value xsi:type="xsd:string">EXDj4mLY7a6UQf2I5IzzUbk32YVWYXe4</value>
    </values>
</CustomMetadata>
