<?xml version="1.0" encoding="UTF-8"?>
<CustomMetadata xmlns="http://soap.sforce.com/2006/04/metadata" xmlns:xsi="http://www.w3.org/2001/XMLSchema-instance" xmlns:xsd="http://www.w3.org/2001/XMLSchema">
    <label>Overview</label>
    <protected>false</protected>
    <values>
        <field>sked_Active__c</field>
        <value xsi:type="xsd:boolean">true</value>
    </values>
    <values>
        <field>sked_Display_Order__c</field>
        <value xsi:type="xsd:double">1.0</value>
    </values>
</CustomMetadata>
