<?xml version="1.0" encoding="UTF-8"?>
<CustomField xmlns="http://soap.sforce.com/2006/04/metadata">
    <fullName>Guidance_SP_Related_List__c</fullName>
    <deleteConstraint>SetNull</deleteConstraint>
    <externalId>false</externalId>
    <label>Guidance SP Related List</label>
    <referenceTo>skedHC__Support_Plan__c</referenceTo>
    <relationshipLabel>Guidance</relationshipLabel>
    <relationshipName>Support_Guidance_Guidance</relationshipName>
    <required>false</required>
    <trackHistory>false</trackHistory>
    <trackTrending>false</trackTrending>
    <type>Lookup</type>
</CustomField>
