<?xml version="1.0" encoding="UTF-8"?>
<CustomField xmlns="http://soap.sforce.com/2006/04/metadata">
    <fullName>skedHC__Administration_Method__c</fullName>
    <deprecated>false</deprecated>
    <externalId>false</externalId>
    <label>Administration Method</label>
    <required>false</required>
    <trackHistory>false</trackHistory>
    <trackTrending>false</trackTrending>
    <type>Picklist</type>
    <valueSet>
        <valueSetDefinition>
            <sorted>false</sorted>
            <value>
                <fullName>Inhalation</fullName>
                <default>false</default>
                <label>Inhalation</label>
            </value>
            <value>
                <fullName>Injection</fullName>
                <default>false</default>
                <label>Injection</label>
            </value>
            <value>
                <fullName>Nasal</fullName>
                <default>false</default>
                <label>Nasal</label>
            </value>
            <value>
                <fullName>Ocular</fullName>
                <default>false</default>
                <label>Ocular</label>
            </value>
            <value>
                <fullName>Oral</fullName>
                <default>false</default>
                <label>Oral</label>
            </value>
            <value>
                <fullName>Otic</fullName>
                <default>false</default>
                <label>Otic</label>
            </value>
            <value>
                <fullName>Rectal</fullName>
                <default>false</default>
                <label>Rectal</label>
            </value>
            <value>
                <fullName>Transdermal</fullName>
                <default>false</default>
                <label>Transdermal</label>
            </value>
        </valueSetDefinition>
    </valueSet>
</CustomField>
