<?xml version="1.0" encoding="UTF-8"?>
<CustomField xmlns="http://soap.sforce.com/2006/04/metadata">
    <fullName>skedHC__Status__c</fullName>
    <deprecated>false</deprecated>
    <externalId>false</externalId>
    <label>Status</label>
    <required>false</required>
    <trackHistory>true</trackHistory>
    <trackTrending>false</trackTrending>
    <type>Picklist</type>
    <valueSet>
        <restricted>true</restricted>
        <valueSetDefinition>
            <sorted>false</sorted>
            <value>
                <fullName>Active</fullName>
                <default>false</default>
                <label>Active</label>
            </value>
            <value>
                <fullName>Draft</fullName>
                <default>true</default>
                <label>Draft</label>
            </value>
            <value>
                <fullName>Closed</fullName>
                <default>false</default>
                <label>Closed</label>
            </value>
        </valueSetDefinition>
    </valueSet>
</CustomField>
