<?xml version="1.0" encoding="UTF-8"?>
<CustomField xmlns="http://soap.sforce.com/2006/04/metadata">
    <fullName>Days_in_Backlog__c</fullName>
    <externalId>false</externalId>
    <formula>IF(ISBLANK(First_Contact_Date__c), TODAY() - Start_Date__c, First_Contact_Date__c - Start_Date__c )</formula>
    <formulaTreatBlanksAs>BlankAsZero</formulaTreatBlanksAs>
    <label>Days in Backlog</label>
    <precision>18</precision>
    <required>false</required>
    <scale>0</scale>
    <trackHistory>false</trackHistory>
    <trackTrending>false</trackTrending>
    <type>Number</type>
    <unique>false</unique>
</CustomField>
