<?xml version="1.0" encoding="UTF-8"?>
<CustomField xmlns="http://soap.sforce.com/2006/04/metadata">
    <fullName>End_Reason__c</fullName>
    <externalId>false</externalId>
    <label>End Reason</label>
    <required>false</required>
    <trackHistory>false</trackHistory>
    <trackTrending>false</trackTrending>
    <type>Picklist</type>
    <valueSet>
        <restricted>true</restricted>
        <valueSetDefinition>
            <sorted>false</sorted>
            <value>
                <fullName>Deceased</fullName>
                <default>false</default>
                <label>Deceased</label>
            </value>
            <value>
                <fullName>Moved to a non BAC Service</fullName>
                <default>false</default>
                <label>Moved to a non BAC Service</label>
            </value>
            <value>
                <fullName>Outcomes Met</fullName>
                <default>false</default>
                <label>Outcomes met</label>
            </value>
            <value>
                <fullName>Failed to engage</fullName>
                <default>false</default>
                <label>Failed to engage</label>
            </value>
        </valueSetDefinition>
    </valueSet>
</CustomField>
