<?xml version="1.0" encoding="UTF-8"?>
<CustomField xmlns="http://soap.sforce.com/2006/04/metadata">
    <fullName>Is_Active__c</fullName>
    <defaultValue>true</defaultValue>
    <description>This field is only used for roll up summary on the account object. It is kept up to date automatically as part of an auto launched process.</description>
    <externalId>false</externalId>
    <label>Is Active</label>
    <trackHistory>false</trackHistory>
    <trackTrending>false</trackTrending>
    <type>Checkbox</type>
</CustomField>
