<?xml version="1.0" encoding="UTF-8"?>
<CustomField xmlns="http://soap.sforce.com/2006/04/metadata">
    <fullName>Related_referral__c</fullName>
    <deleteConstraint>SetNull</deleteConstraint>
    <externalId>false</externalId>
    <inlineHelpText>This field is populated automatically if applicable.</inlineHelpText>
    <label>Related Referral</label>
    <lookupFilter>
        <active>true</active>
        <filterItems>
            <field>sked_Referral__c.sked_Referee_Account__c</field>
            <operation>equals</operation>
            <valueField>$Source.Service_User__c</valueField>
        </filterItems>
        <isOptional>false</isOptional>
    </lookupFilter>
    <referenceTo>sked_Referral__c</referenceTo>
    <relationshipLabel>Service Information</relationshipLabel>
    <relationshipName>Service_Information</relationshipName>
    <required>false</required>
    <trackHistory>false</trackHistory>
    <trackTrending>false</trackTrending>
    <type>Lookup</type>
</CustomField>
