<?xml version="1.0" encoding="UTF-8"?>
<CustomField xmlns="http://soap.sforce.com/2006/04/metadata">
    <fullName>Response_Rating__c</fullName>
    <externalId>false</externalId>
    <formula>IF(Priority__c = &quot;N/A&quot;, &quot;N/A&quot;, 

          IF(Priority__c = &quot;P1&quot;, IF( Days_in_Backlog__c &gt; 2, IMAGE(&quot;/resource/sked_HLT_Dist/images/Red.png&quot;, &quot;RED&quot;, 27, 102), IF( Days_in_Backlog__c &lt;= 2, IMAGE(&quot;/resource/sked_HLT_Dist/images/Green.png&quot;, &quot;GREEN&quot;, 27, 102), NULL)), 

               IF(Priority__c = &quot;P2&quot;, IF(Days_in_Backlog__c &lt;= 28, IMAGE(&quot;/resource/sked_HLT_Dist/images/Green.png&quot;, &quot;GREEN&quot;, 27, 102), IF(AND( Days_in_Backlog__c &gt;= 29, Days_in_Backlog__c &lt;= 42), IMAGE(&quot;/resource/sked_HLT_Dist/images/Amber.png&quot;, &quot;AMBER&quot;, 27, 102), IF(Days_in_Backlog__c &gt;= 43, IMAGE(&quot;/resource/sked_HLT_Dist/images/Red.png&quot;, &quot;Red&quot;, 27, 102), NULL))),

                    IF(Priority__c = &quot;P3&quot;, IF(Days_in_Backlog__c &lt;= 151 , IMAGE(&quot;/resource/sked_HLT_Dist/images/Green.png&quot;, &quot;GREEN&quot;, 27, 102), IF(AND( Days_in_Backlog__c &gt;= 152 , Days_in_Backlog__c &lt;= 182), IMAGE(&quot;/resource/sked_HLT_Dist/images/Amber.png&quot;, &quot;AMBER&quot;, 27, 102), IF( Days_in_Backlog__c &gt;= 183, IMAGE(&quot;/resource/sked_HLT_Dist/images/Red.png&quot;, &quot;Red&quot;, 27, 102), NULL))),

                         IF(Priority__c = &quot;P4&quot;, IF(Days_in_Backlog__c &lt;= 334  , IMAGE(&quot;/resource/sked_HLT_Dist/images/Green.png&quot;, &quot;GREEN&quot;, 27, 102), IF(AND( Days_in_Backlog__c &gt;= 335, Days_in_Backlog__c &lt;= 365), IMAGE(&quot;/resource/sked_HLT_Dist/images/Amber.png&quot;, &quot;AMBER&quot;, 27, 102), IF( Days_in_Backlog__c &gt;= 366, IMAGE(&quot;/resource/sked_HLT_Dist/images/Red.png&quot;, &quot;Red&quot;, 27, 102), NULL))), NULL)))))</formula>
    <formulaTreatBlanksAs>BlankAsZero</formulaTreatBlanksAs>
    <label>Response Rating</label>
    <required>false</required>
    <trackHistory>false</trackHistory>
    <trackTrending>false</trackTrending>
    <type>Text</type>
    <unique>false</unique>
</CustomField>
