<?xml version="1.0" encoding="UTF-8"?>
<WebLink xmlns="http://soap.sforce.com/2006/04/metadata">
    <fullName>HooversProfile</fullName>
    <availability>online</availability>
    <displayType>link</displayType>
    <encodingKey>UTF-8</encodingKey>
    <hasMenubar>false</hasMenubar>
    <hasScrollbars>true</hasScrollbars>
    <hasToolbar>false</hasToolbar>
    <height>600</height>
    <isResizable>true</isResizable>
    <linkType>url</linkType>
    <masterLabel>Hoovers Profile</masterLabel>
    <openType>newWindow</openType>
    <position>none</position>
    <protected>false</protected>
    <showsLocation>false</showsLocation>
    <showsStatus>false</showsStatus>
    <url>http://search.hoovers.com/cgi-bin/hol_search?which=company&amp;query_string={!Account_Name}</url>
</WebLink>
