<?xml version="1.0" encoding="UTF-8"?>
<RecordType xmlns="http://soap.sforce.com/2006/04/metadata">
    <fullName>Business_Account</fullName>
    <active>true</active>
    <compactLayoutAssignment>ServiceTeam_Layout</compactLayoutAssignment>
    <label>Service / Team Account</label>
    <picklistValues>
        <picklist>AccountSource</picklist>
        <values>
            <fullName>Advertisement</fullName>
            <default>false</default>
        </values>
        <values>
            <fullName>Employee Referral</fullName>
            <default>false</default>
        </values>
        <values>
            <fullName>External Referral</fullName>
            <default>false</default>
        </values>
        <values>
            <fullName>Other</fullName>
            <default>false</default>
        </values>
        <values>
            <fullName>Partner</fullName>
            <default>false</default>
        </values>
        <values>
            <fullName>Public Relations</fullName>
            <default>false</default>
        </values>
        <values>
            <fullName>Seminar - Internal</fullName>
            <default>false</default>
        </values>
        <values>
            <fullName>Seminar - Partner</fullName>
            <default>false</default>
        </values>
        <values>
            <fullName>Trade Show</fullName>
            <default>false</default>
        </values>
        <values>
            <fullName>Web</fullName>
            <default>false</default>
        </values>
        <values>
            <fullName>Word of mouth</fullName>
            <default>false</default>
        </values>
    </picklistValues>
    <picklistValues>
        <picklist>Industry</picklist>
        <values>
            <fullName>Agriculture</fullName>
            <default>false</default>
        </values>
        <values>
            <fullName>Apparel</fullName>
            <default>false</default>
        </values>
        <values>
            <fullName>Banking</fullName>
            <default>false</default>
        </values>
        <values>
            <fullName>Biotechnology</fullName>
            <default>false</default>
        </values>
        <values>
            <fullName>Chemicals</fullName>
            <default>false</default>
        </values>
        <values>
            <fullName>Communications</fullName>
            <default>false</default>
        </values>
        <values>
            <fullName>Construction</fullName>
            <default>false</default>
        </values>
        <values>
            <fullName>Consulting</fullName>
            <default>false</default>
        </values>
        <values>
            <fullName>Education</fullName>
            <default>false</default>
        </values>
        <values>
            <fullName>Electronics</fullName>
            <default>false</default>
        </values>
        <values>
            <fullName>Energy</fullName>
            <default>false</default>
        </values>
        <values>
            <fullName>Engineering</fullName>
            <default>false</default>
        </values>
        <values>
            <fullName>Entertainment</fullName>
            <default>false</default>
        </values>
        <values>
            <fullName>Environmental</fullName>
            <default>false</default>
        </values>
        <values>
            <fullName>Finance</fullName>
            <default>false</default>
        </values>
        <values>
            <fullName>Food %26 Beverage</fullName>
            <default>false</default>
        </values>
        <values>
            <fullName>Government</fullName>
            <default>false</default>
        </values>
        <values>
            <fullName>Healthcare</fullName>
            <default>false</default>
        </values>
        <values>
            <fullName>Hospitality</fullName>
            <default>false</default>
        </values>
        <values>
            <fullName>Insurance</fullName>
            <default>false</default>
        </values>
        <values>
            <fullName>Machinery</fullName>
            <default>false</default>
        </values>
        <values>
            <fullName>Manufacturing</fullName>
            <default>false</default>
        </values>
        <values>
            <fullName>Media</fullName>
            <default>false</default>
        </values>
        <values>
            <fullName>Not For Profit</fullName>
            <default>false</default>
        </values>
        <values>
            <fullName>Other</fullName>
            <default>false</default>
        </values>
        <values>
            <fullName>Recreation</fullName>
            <default>false</default>
        </values>
        <values>
            <fullName>Retail</fullName>
            <default>false</default>
        </values>
        <values>
            <fullName>Shipping</fullName>
            <default>false</default>
        </values>
        <values>
            <fullName>Technology</fullName>
            <default>false</default>
        </values>
        <values>
            <fullName>Telecommunications</fullName>
            <default>false</default>
        </values>
        <values>
            <fullName>Transportation</fullName>
            <default>false</default>
        </values>
        <values>
            <fullName>Utilities</fullName>
            <default>false</default>
        </values>
    </picklistValues>
    <picklistValues>
        <picklist>Ownership</picklist>
        <values>
            <fullName>Other</fullName>
            <default>false</default>
        </values>
        <values>
            <fullName>Private</fullName>
            <default>false</default>
        </values>
        <values>
            <fullName>Public</fullName>
            <default>false</default>
        </values>
        <values>
            <fullName>Subsidiary</fullName>
            <default>false</default>
        </values>
    </picklistValues>
    <picklistValues>
        <picklist>Rating</picklist>
        <values>
            <fullName>Cold</fullName>
            <default>false</default>
        </values>
        <values>
            <fullName>Hot</fullName>
            <default>false</default>
        </values>
        <values>
            <fullName>Warm</fullName>
            <default>false</default>
        </values>
    </picklistValues>
    <picklistValues>
        <picklist>Risk_to_Staff_Precautionary_Measures__c</picklist>
        <values>
            <fullName>A</fullName>
            <default>false</default>
        </values>
        <values>
            <fullName>B</fullName>
            <default>false</default>
        </values>
        <values>
            <fullName>C</fullName>
            <default>false</default>
        </values>
        <values>
            <fullName>No Female Staff</fullName>
            <default>false</default>
        </values>
        <values>
            <fullName>No Lone Workers</fullName>
            <default>false</default>
        </values>
    </picklistValues>
    <picklistValues>
        <picklist>Risk_to_Staff__c</picklist>
        <values>
            <fullName>No</fullName>
            <default>false</default>
        </values>
        <values>
            <fullName>Yes</fullName>
            <default>false</default>
        </values>
    </picklistValues>
    <picklistValues>
        <picklist>Type</picklist>
        <values>
            <fullName>Analyst</fullName>
            <default>false</default>
        </values>
        <values>
            <fullName>Competitor</fullName>
            <default>false</default>
        </values>
        <values>
            <fullName>Customer</fullName>
            <default>false</default>
        </values>
        <values>
            <fullName>Integrator</fullName>
            <default>false</default>
        </values>
        <values>
            <fullName>Investor</fullName>
            <default>false</default>
        </values>
        <values>
            <fullName>Other</fullName>
            <default>false</default>
        </values>
        <values>
            <fullName>Partner</fullName>
            <default>false</default>
        </values>
        <values>
            <fullName>Press</fullName>
            <default>false</default>
        </values>
        <values>
            <fullName>Prospect</fullName>
            <default>false</default>
        </values>
        <values>
            <fullName>Reseller</fullName>
            <default>false</default>
        </values>
    </picklistValues>
    <picklistValues>
        <picklist>sked_Availability_Type__c</picklist>
        <values>
            <fullName>Availability Only</fullName>
            <default>false</default>
        </values>
        <values>
            <fullName>Unavailability Only</fullName>
            <default>false</default>
        </values>
    </picklistValues>
</RecordType>
