<?xml version="1.0" encoding="UTF-8"?>
<CustomField xmlns="http://soap.sforce.com/2006/04/metadata">
    <fullName>Related_Assessment_Section__c</fullName>
    <externalId>false</externalId>
    <label>Related Assessment Section</label>
    <required>false</required>
    <trackHistory>false</trackHistory>
    <trackTrending>false</trackTrending>
    <type>Picklist</type>
    <valueSet>
        <restricted>true</restricted>
        <valueSetName>Assessment_Sections</valueSetName>
    </valueSet>
</CustomField>
