<?xml version="1.0" encoding="UTF-8"?>
<CustomField xmlns="http://soap.sforce.com/2006/04/metadata">
    <fullName>Shannarri__c</fullName>
    <externalId>false</externalId>
    <label>Outcome Principle</label>
    <required>false</required>
    <trackHistory>false</trackHistory>
    <trackTrending>false</trackTrending>
    <type>Picklist</type>
    <valueSet>
        <restricted>true</restricted>
        <valueSetDefinition>
            <sorted>false</sorted>
            <value>
                <fullName>Safe</fullName>
                <default>false</default>
                <label>Safe</label>
            </value>
            <value>
                <fullName>Healthy</fullName>
                <default>false</default>
                <label>Healthy</label>
            </value>
            <value>
                <fullName>Active</fullName>
                <default>false</default>
                <label>Active</label>
            </value>
            <value>
                <fullName>Nurtured</fullName>
                <default>false</default>
                <label>Nurtured</label>
            </value>
            <value>
                <fullName>Achieving</fullName>
                <default>false</default>
                <label>Achieving</label>
            </value>
            <value>
                <fullName>Respected</fullName>
                <default>false</default>
                <label>Respected</label>
            </value>
            <value>
                <fullName>Responsible</fullName>
                <default>false</default>
                <label>Responsible</label>
            </value>
            <value>
                <fullName>Included</fullName>
                <default>false</default>
                <label>Included</label>
            </value>
        </valueSetDefinition>
    </valueSet>
</CustomField>
