<?xml version="1.0" encoding="UTF-8"?>
<CustomField xmlns="http://soap.sforce.com/2006/04/metadata">
    <fullName>sked_Review_Frequency__c</fullName>
    <externalId>false</externalId>
    <label>Review Frequency</label>
    <required>false</required>
    <trackHistory>false</trackHistory>
    <trackTrending>false</trackTrending>
    <type>Picklist</type>
    <valueSet>
        <restricted>true</restricted>
        <valueSetDefinition>
            <sorted>false</sorted>
            <value>
                <fullName>Never</fullName>
                <default>true</default>
                <label>Never</label>
            </value>
            <value>
                <fullName>Weekly</fullName>
                <default>false</default>
                <label>Weekly</label>
            </value>
            <value>
                <fullName>Fortnightly</fullName>
                <default>false</default>
                <label>Fortnightly</label>
            </value>
            <value>
                <fullName>Monthly</fullName>
                <default>false</default>
                <label>Monthly</label>
            </value>
            <value>
                <fullName>Quarterly</fullName>
                <default>false</default>
                <label>Quarterly</label>
            </value>
            <value>
                <fullName>Six Monthly</fullName>
                <default>false</default>
                <label>Six Monthly</label>
            </value>
            <value>
                <fullName>Annually</fullName>
                <default>false</default>
                <label>Annually</label>
            </value>
        </valueSetDefinition>
    </valueSet>
</CustomField>
