<?xml version="1.0" encoding="UTF-8"?>
<CustomField xmlns="http://soap.sforce.com/2006/04/metadata">
    <fullName>sked_Cloned_From__c</fullName>
    <deleteConstraint>SetNull</deleteConstraint>
    <externalId>false</externalId>
    <label>Cloned From</label>
    <referenceTo>skedHC__Outcome__c</referenceTo>
    <relationshipLabel>Outcomes</relationshipLabel>
    <relationshipName>sked_Cloned_Outcomes</relationshipName>
    <required>false</required>
    <trackHistory>false</trackHistory>
    <trackTrending>false</trackTrending>
    <type>Lookup</type>
</CustomField>
