<?xml version="1.0" encoding="UTF-8"?>
<CustomField xmlns="http://soap.sforce.com/2006/04/metadata">
    <fullName>sked_Job_Region__c</fullName>
    <deleteConstraint>Restrict</deleteConstraint>
    <externalId>false</externalId>
    <label>Job Region</label>
    <referenceTo>sked__Region__c</referenceTo>
    <relationshipLabel>Outcomes</relationshipLabel>
    <relationshipName>sked_Outcomes</relationshipName>
    <required>false</required>
    <trackHistory>false</trackHistory>
    <trackTrending>false</trackTrending>
    <type>Lookup</type>
</CustomField>
