<?xml version="1.0" encoding="UTF-8"?>
<CustomField xmlns="http://soap.sforce.com/2006/04/metadata">
    <fullName>skedHC__Status__c</fullName>
    <deprecated>false</deprecated>
    <externalId>false</externalId>
    <label>Status</label>
    <required>false</required>
    <trackHistory>true</trackHistory>
    <trackTrending>false</trackTrending>
    <type>Picklist</type>
    <valueSet>
        <restricted>true</restricted>
        <valueSetDefinition>
            <sorted>false</sorted>
            <value>
                <fullName>Draft</fullName>
                <default>true</default>
                <label>Draft</label>
            </value>
            <value>
                <fullName>Active</fullName>
                <default>false</default>
                <label>Active</label>
            </value>
            <value>
                <fullName>Closed - Outcome Met</fullName>
                <default>false</default>
                <label>Closed - Outcome Met</label>
            </value>
            <value>
                <fullName>Closed - Outcome Not Met</fullName>
                <default>false</default>
                <label>Closed - Outcome Not Met</label>
            </value>
            <value>
                <fullName>Closed - Cloned</fullName>
                <default>false</default>
                <label>Closed - Cloned</label>
            </value>
            <value>
                <fullName>Achieving</fullName>
                <default>false</default>
                <isActive>false</isActive>
                <label>Achieving</label>
            </value>
            <value>
                <fullName>Making Progress</fullName>
                <default>false</default>
                <isActive>false</isActive>
                <label>Making Progress</label>
            </value>
            <value>
                <fullName>Not Making Progress</fullName>
                <default>false</default>
                <isActive>false</isActive>
                <label>Not Making Progress</label>
            </value>
            <value>
                <fullName>On Hold</fullName>
                <default>false</default>
                <isActive>false</isActive>
                <label>On Hold</label>
            </value>
            <value>
                <fullName>Ongoing</fullName>
                <default>false</default>
                <isActive>false</isActive>
                <label>Ongoing</label>
            </value>
            <value>
                <fullName>Started</fullName>
                <default>false</default>
                <isActive>false</isActive>
                <label>Started</label>
            </value>
        </valueSetDefinition>
    </valueSet>
</CustomField>
